{
  "k": 9,
  "m": 2.0,
  "classes": [
    "critical",
    "high",
    "low",
    "moderate"
  ],
  "feature_columns_raw": [
    "age",
    "gender",
    "systolic_bp",
    "diastolic_bp",
    "heart_rate",
    "respiratory_rate",
    "temperature",
    "spo2",
    "bmi",
    "has_diabetes",
    "has_hypertension",
    "has_heart_disease",
    "prior_hospitalizations",
    "smoker"
  ],
  "feature_columns_encoded": [
    "age",
    "systolic_bp",
    "diastolic_bp",
    "heart_rate",
    "respiratory_rate",
    "temperature",
    "spo2",
    "bmi",
    "has_diabetes",
    "has_hypertension",
    "has_heart_disease",
    "prior_hospitalizations",
    "smoker",
    "gender_F",
    "gender_M"
  ],
  "scaling_info": {
    "age": [
      29.0,
      79.0
    ],
    "systolic_bp": [
      116.0,
      178.0
    ],
    "diastolic_bp": [
      74.0,
      100.0
    ],
    "heart_rate": [
      72.0,
      124.0
    ],
    "respiratory_rate": [
      14.0,
      31.0
    ],
    "temperature": [
      98.0,
      102.4
    ],
    "spo2": [
      86.0,
      99.0
    ],
    "bmi": [
      21.9,
      33.4
    ],
    "has_diabetes": [
      0.0,
      1.0
    ],
    "has_hypertension": [
      0.0,
      1.0
    ],
    "has_heart_disease": [
      0.0,
      1.0
    ],
    "prior_hospitalizations": [
      0.0,
      5.0
    ],
    "smoker": [
      0.0,
      1.0
    ],
    "gender_F": [
      0.0,
      1.0
    ],
    "gender_M": [
      0.0,
      1.0
    ]
  },
  "X_train": [
    [
      1.0,
      1.0,
      1.0,
      1.0,
      1.0,
      1.0,
      0.0,
      1.0,
      1.0,
      1.0,
      1.0,
      1.0,
      1.0,
      0.0,
      1.0
    ],
    [
      0.62,
      0.5161290322580645,
      0.6153846153846154,
      0.5576923076923077,
      0.47058823529411764,
      0.5227272727272714,
      0.6153846153846154,
      0.6956521739130435,
      1.0,
      1.0,
      0.0,
      0.4,
      1.0,
      0.0,
      1.0
    ],
    [
      0.5,
      0.3225806451612903,
      0.4230769230769231,
      0.38461538461538464,
      0.23529411764705882,
      0.227272727272727,
      0.7692307692307693,
      0.5391304347826089,
      0.0,
      1.0,
      0.0,
      0.2,
      0.0,
      1.0,
      0.0
    ],
    [
      0.94,
      0.9032258064516129,
      0.9230769230769231,
      0.9230769230769231,
      0.9411764705882353,
      0.9318181818181793,
      0.07692307692307693,
      0.9304347826086959,
      1.0,
      1.0,
      1.0,
      0.8,
      1.0,
      0.0,
      1.0
    ],
    [
      0.1,
      0.06451612903225806,
      0.15384615384615385,
      0.07692307692307693,
      0.058823529411764705,
      0.022727272727271406,
      1.0,
      0.07826086956521758,
      0.0,
      0.0,
      0.0,
      0.0,
      0.0,
      1.0,
      0.0
    ],
    [
      0.36,
      0.22580645161290322,
      0.3076923076923077,
      0.25,
      0.17647058823529413,
      0.13636363636363488,
      0.8461538461538461,
      0.40000000000000013,
      0.0,
      0.0,
      0.0,
      0.0,
      0.0,
      1.0,
      0.0
    ],
    [
      0.2,
      0.12903225806451613,
      0.23076923076923078,
      0.19230769230769232,
      0.11764705882352941,
      0.15909090909090953,
      0.9230769230769231,
      0.21739130434782608,
      0.0,
      0.0,
      0.0,
      0.0,
      0.0,
      1.0,
      0.0
    ],
    [
      0.0,
      0.0,
      0.0,
      0.0,
      0.0,
      0.0,
      1.0,
      0.0,
      0.0,
      0.0,
      0.0,
      0.0,
      0.0,
      0.0,
      1.0
    ],
    [
      0.04,
      0.03225806451612903,
      0.07692307692307693,
      0.038461538461538464,
      0.0,
      0.04545454545454604,
      1.0,
      0.10434782608695677,
      0.0,
      0.0,
      0.0,
      0.0,
      0.0,
      0.0,
      1.0
    ],
    [
      0.86,
      0.8387096774193549,
      0.8461538461538461,
      0.8846153846153846,
      0.8235294117647058,
      0.8409090909090905,
      0.23076923076923078,
      0.8260869565217391,
      1.0,
      1.0,
      1.0,
      0.6,
      1.0,
      1.0,
      0.0
    ],
    [
      0.26,
      0.16129032258064516,
      0.2692307692307692,
      0.23076923076923078,
      0.11764705882352941,
      0.1136363636363635,
      0.9230769230769231,
      0.29565217391304366,
      0.0,
      0.0,
      0.0,
      0.0,
      0.0,
      1.0,
      0.0
    ],
    [
      0.78,
      0.7096774193548387,
      0.7692307692307693,
      0.7692307692307693,
      0.6470588235294118,
      0.727272727272727,
      0.38461538461538464,
      0.7739130434782611,
      1.0,
      1.0,
      1.0,
      0.4,
      1.0,
      0.0,
      1.0
    ],
    [
      0.82,
      0.8064516129032258,
      0.8076923076923077,
      0.8461538461538461,
      0.7647058823529411,
      0.7954545454545444,
      0.3076923076923077,
      0.8695652173913043,
      1.0,
      1.0,
      1.0,
      0.6,
      1.0,
      0.0,
      1.0
    ],
    [
      0.76,
      0.6774193548387096,
      0.7307692307692307,
      0.7307692307692307,
      0.7058823529411765,
      0.681818181818181,
      0.38461538461538464,
      0.7652173913043478,
      1.0,
      1.0,
      1.0,
      0.4,
      1.0,
      1.0,
      0.0
    ],
    [
      0.68,
      0.6129032258064516,
      0.6923076923076923,
      0.6153846153846154,
      0.5294117647058824,
      0.6363636363636349,
      0.5384615384615384,
      0.6695652173913046,
      1.0,
      1.0,
      0.0,
      0.4,
      0.0,
      1.0,
      0.0
    ],
    [
      0.56,
      0.3870967741935484,
      0.5384615384615384,
      0.46153846153846156,
      0.35294117647058826,
      0.3409090909090905,
      0.6923076923076923,
      0.6086956521739131,
      1.0,
      0.0,
      0.0,
      0.2,
      0.0,
      1.0,
      0.0
    ]
  ],
  "y_train": [
    "critical",
    "moderate",
    "low",
    "critical",
    "low",
    "low",
    "low",
    "low",
    "low",
    "critical",
    "low",
    "critical",
    "critical",
    "critical",
    "high",
    "low"
  ]
}